recording_id,s0,s1,s2,s3,s4,s5,s6,s7,s8,s9,s10,s11,s12,s13,s14,s15,s16,s17,s18,s19,s20,s21,s22,s23
000316da7,-11.158461570739746,-11.552454948425293,-27.659141540527344,-8.557537078857422,-7.672243595123291,-9.147897720336914,0.6389196515083313,-10.119487762451172,-14.226208686828613,-9.932714462280273,-12.078944206237793,-14.157540321350098,-6.829845428466797,-14.385708808898926,-6.381200313568115,-6.562953472137451,-15.179787635803223,-10.84679126739502,-5.492376804351807,-1.4327889680862427,-10.192514419555664,-9.295029640197754,-4.774951934814453,-8.028870582580566
003bc2cb2,-15.159347534179688,-9.664023399353027,-28.9719181060791,-10.36124324798584,-9.386380195617676,-15.889323234558105,-8.551656723022461,-8.92798137664795,-17.81429100036621,-12.497596740722656,-9.043563842773438,-14.527613639831543,-9.20950984954834,-18.502168655395508,-14.211199760437012,-13.379277229309082,-3.854461669921875,-11.234947204589844,-11.666836738586426,-7.892078399658203,-13.02036190032959,-12.833403587341309,-14.673747062683105,-12.52111530303955
0061c037e,-11.832778930664062,-11.887011528015137,-20.617677688598633,-10.09256362915039,-8.005339622497559,-5.7225661277771,-5.420525074005127,-6.088366985321045,-16.57001495361328,-11.869765281677246,-4.003185749053955,-12.263171195983887,-8.332587242126465,-17.97597312927246,-8.868764877319336,-7.454914093017578,-21.594736099243164,-12.053001403808594,-6.861379146575928,-6.222866535186768,-0.7809785008430481,-10.702255249023438,-0.3234511911869049,-4.901541233062744
010eb14d3,-0.9384428858757019,-7.850052356719971,-22.8894100189209,-7.936826229095459,-5.698282718658447,-7.232333660125732,-11.152610778808594,-9.243550300598145,-9.21420669555664,-12.296318054199219,-5.098503112792969,-17.067209243774414,-6.080639362335205,-15.058025360107422,-10.452919006347656,-11.537781715393066,-24.263710021972656,-14.615206718444824,-7.890341281890869,-6.20639181137085,-10.296785354614258,-8.500296592712402,-10.929847717285156,-7.552046298980713
011318064,-15.778155326843262,-7.624823093414307,-27.309219360351562,-9.517069816589355,-8.034083366394043,-6.713232517242432,-4.814229965209961,-12.896859169006348,-15.206439018249512,-11.840655326843262,-13.142662048339844,-14.785136222839355,-10.853225708007812,-14.504852294921875,-4.592579364776611,-3.860177993774414,-17.7913875579834,-8.752412796020508,-9.472322463989258,-5.117130279541016,-8.844173431396484,-9.184575080871582,-6.7531890869140625,-11.266316413879395
01307e693,-16.097204208374023,-14.435592651367188,-23.77228355407715,-10.858321189880371,-10.57828140258789,-13.722212791442871,-6.612552642822266,0.5195019841194153,-17.659223556518555,-13.21018123626709,-7.7406325340271,-12.32128620147705,-12.61913776397705,-15.328086853027344,-13.34460735321045,-9.341771125793457,-15.390318870544434,-9.355199813842773,-11.903892517089844,-9.048957824707031,-7.6218438148498535,-12.974552154541016,-12.057402610778809,-9.583962440490723
013bd8b85,-11.145129203796387,-9.28639030456543,-18.88096809387207,-7.8739142417907715,-6.149082183837891,-5.939126491546631,-6.387823104858398,-9.6770658493042,-13.165518760681152,-8.700932502746582,-5.938406467437744,-14.709118843078613,-5.3095784187316895,-14.154671669006348,-3.421598434448242,-3.934978485107422,-20.50629997253418,-8.765933990478516,-5.5495476722717285,-6.07492208480835,-5.791680812835693,-6.7415337562561035,-0.4877263605594635,-4.954951763153076
01812f522,-17.54720115661621,-6.474277019500732,-28.928085327148438,-11.274490356445312,-9.030166625976562,-11.536555290222168,-9.631402015686035,-7.494553089141846,-14.345855712890625,-16.357648849487305,-5.654287338256836,-15.34327220916748,-13.193842887878418,-16.736574172973633,-10.968090057373047,-9.511778831481934,-13.530426025390625,-4.6809983253479,-15.447724342346191,-7.389055252075195,-5.0035505294799805,-12.66181468963623,-10.231072425842285,-14.75182056427002
019db5220,-10.387375831604004,-9.529067039489746,-19.154150009155273,-9.529685020446777,-7.138896942138672,-4.85679292678833,-7.739231586456299,-8.175969123840332,-15.575725555419922,-12.630821228027344,-8.341913223266602,-17.91925048828125,-5.405900478363037,-18.47575569152832,-6.025811672210693,-11.746177673339844,-23.660802841186523,-12.492355346679688,-7.044271945953369,-9.437088966369629,-7.4968037605285645,-10.985501289367676,-2.6130425930023193,-2.369497060775757
01bd97dd6,-11.611282348632812,-8.46506404876709,-20.5845947265625,-10.587475776672363,-6.648054599761963,-6.486344814300537,-8.472256660461426,-9.951032638549805,-16.90064239501953,-13.420031547546387,-8.628182411193848,-14.707267761230469,-5.20108699798584,-16.689001083374023,-6.116775989532471,-11.022259712219238,-24.873743057250977,-5.600924015045166,-7.026865482330322,-5.361171722412109,-6.241750240325928,-8.308853149414062,-4.535041332244873,-3.687965154647827
01d36def5,-5.9550957679748535,-12.962921142578125,-26.63610076904297,-10.523550987243652,-7.533891677856445,-4.7379679679870605,-7.757360935211182,-9.03359603881836,-16.678112030029297,-11.5422945022583,-3.9994189739227295,-12.965657234191895,-4.485263347625732,-20.485628128051758,-9.501681327819824,-13.350712776184082,-15.703547477722168,-13.086499214172363,-7.502292156219482,-6.626291275024414,-0.9398950934410095,-11.360980033874512,-5.124964237213135,-2.8102176189422607
01fefebcb,-10.389813423156738,-8.546318054199219,-23.83501625061035,-9.276215553283691,-7.337490081787109,-7.294649600982666,-6.742471694946289,-15.915190696716309,-8.340378761291504,-8.388592720031738,-9.135268211364746,-15.766694068908691,-9.592049598693848,-17.55462646484375,-5.110180377960205,-4.561191082000732,-21.764760971069336,-5.65923547744751,-10.344383239746094,-4.357980251312256,-9.521954536437988,-6.416543960571289,-7.668033599853516,-9.642524719238281
0208fec47,-17.820802688598633,-8.174224853515625,-31.358963012695312,-8.975008964538574,-14.44986343383789,-10.63199234008789,-9.822413444519043,-11.90915298461914,-18.80025291442871,-15.610444068908691,-13.8185453414917,-10.94765567779541,-14.666213989257812,-15.920356750488281,-10.41034984588623,0.4974842071533203,-22.324989318847656,-10.302870750427246,-16.559080123901367,-5.561737537384033,-12.686714172363281,-13.6342134475708,-11.761496543884277,-15.931205749511719
0232841d4,-13.842357635498047,-9.597421646118164,-18.93836212158203,-8.793373107910156,-8.809284210205078,-9.711039543151855,-9.959390640258789,-16.880006790161133,-14.962018013000488,-9.580193519592285,-8.423500061035156,-11.92701244354248,-0.6578884124755859,-13.885149955749512,-2.1029891967773438,-7.113006591796875,-24.316537857055664,-11.795310974121094,-5.7591729164123535,-10.296103477478027,-9.682887077331543,-3.889824867248535,-10.538790702819824,-8.089064598083496
02c30604d,-13.32348346710205,-10.916016578674316,-24.78192901611328,-11.310696601867676,-8.41075611114502,-7.027913570404053,-8.114486694335938,-0.5021178126335144,-16.30897331237793,-14.400485038757324,-6.744228363037109,-9.26819896697998,-9.924064636230469,-18.045799255371094,-11.481644630432129,-6.353096008300781,-17.044940948486328,-10.486042022705078,-8.944380760192871,-9.600065231323242,-5.969907760620117,-11.589736938476562,-7.21540641784668,-8.609129905700684
02dbcc383,-11.214607238769531,-8.442351341247559,-22.71727180480957,-11.85808277130127,-8.110943794250488,-10.509224891662598,-13.291548728942871,-6.8288702964782715,-15.181368827819824,-8.409364700317383,-7.637174606323242,-11.101673126220703,-1.371084213256836,-13.807595252990723,0.04628531262278557,-5.169871807098389,-21.746477127075195,-15.847018241882324,-6.556423187255859,-7.474478244781494,-12.029728889465332,-3.442805051803589,-8.592438697814941,-4.149427890777588
0303dee3c,-11.984221458435059,-7.4076080322265625,-24.40728759765625,-9.944131851196289,-4.188048839569092,-9.613314628601074,-11.833457946777344,-10.295304298400879,-9.016668319702148,-10.994933128356934,-5.167836666107178,-17.332313537597656,-4.987637042999268,-16.070676803588867,-0.7342324256896973,-12.916842460632324,-23.017648696899414,-9.35065746307373,-9.204720497131348,-13.07612133026123,-6.852993011474609,-4.445293426513672,-8.887961387634277,-8.309597969055176
034f46152,-13.769869804382324,-9.195504188537598,-14.557498931884766,-13.501640319824219,-9.84203815460205,-13.962115287780762,-15.88880443572998,-16.607624053955078,-16.24188995361328,-7.578842639923096,-4.589860916137695,-12.494589805603027,-5.7168288230896,-21.464372634887695,-5.998441219329834,-11.907570838928223,-21.838951110839844,-2.674584150314331,-6.765052795410156,-11.454243659973145,-9.861068725585938,-10.884814262390137,-7.238370418548584,-11.046589851379395
037460d90,-15.642769813537598,-5.020709037780762,-32.230438232421875,-7.508563995361328,-8.012354850769043,-13.203656196594238,-16.62861442565918,-13.752674102783203,-14.639483451843262,-15.0234956741333,-11.672119140625,-16.863449096679688,-12.498573303222656,-13.268254280090332,-10.153738975524902,-10.60372257232666,-16.799663543701172,-8.885043144226074,-19.757095336914062,-8.74653434753418,-11.68453598022461,-8.140599250793457,-14.281463623046875,-11.894362449645996
039395460,-12.358843803405762,-8.885238647460938,-22.602792739868164,-12.928221702575684,-9.23486614227295,-8.704195976257324,-5.026029109954834,-12.682044982910156,-15.295684814453125,-13.057159423828125,-12.883549690246582,-11.186877250671387,-8.938305854797363,-17.97442054748535,-2.9992969036102295,-4.802953243255615,-14.667823791503906,-5.072139739990234,-13.202139854431152,-6.756200790405273,-7.619654178619385,-9.576111793518066,0.3437279164791107,-12.308960914611816
039892ae3,-16.29555320739746,-11.071211814880371,-32.328826904296875,-11.28908634185791,-11.791901588439941,-8.525261878967285,-9.509481430053711,-6.742969512939453,-18.750694274902344,-12.644793510437012,-4.310004234313965,-11.491874694824219,-13.250457763671875,-20.987308502197266,-13.246724128723145,-14.31236743927002,-10.124767303466797,-6.2581048011779785,-12.757373809814453,-9.72609806060791,-0.8786373138427734,-12.51063060760498,-5.595039367675781,-10.769177436828613
03a06a709,-11.872076988220215,-9.89719295501709,-18.960697174072266,-8.576348304748535,-6.1690802574157715,-4.048623561859131,-5.852360248565674,-8.350110054016113,-13.315226554870605,-11.915725708007812,-4.900985240936279,-14.638202667236328,-6.787609100341797,-17.072664260864258,-4.453643321990967,-9.370646476745605,-21.16154670715332,-10.6552734375,-5.7243475914001465,-4.736747741699219,-3.6280105113983154,-8.4801607131958,1.1356830596923828,-3.865846872329712
03a9a5b2a,-12.30663776397705,-14.87618637084961,-19.223283767700195,-16.99051856994629,-9.2204008102417,-9.300013542175293,-6.984373569488525,-13.09899616241455,-12.898147583007812,-12.270342826843262,-8.707500457763672,-11.774022102355957,-3.958617925643921,-11.92709732055664,-5.553386211395264,-13.820738792419434,-19.404319763183594,-7.168994903564453,1.1283265352249146,-10.843635559082031,-13.133923530578613,-7.223358154296875,-1.863564133644104,-10.957362174987793
03d0c7428,-6.914167881011963,-10.753130912780762,-24.03741455078125,-10.003917694091797,-7.50698709487915,-7.127686977386475,-0.6720021367073059,-12.192791938781738,-15.842350959777832,-8.843358039855957,-8.700916290283203,-11.777480125427246,-4.885623455047607,-14.737335205078125,-5.126261234283447,-7.709926605224609,-18.264699935913086,-12.185826301574707,-4.069118499755859,-4.064920902252197,-6.444277286529541,-6.835672855377197,-4.731349468231201,-4.505183696746826
03f5a4505,-14.584053039550781,-10.74822998046875,-23.77156639099121,-8.336278915405273,-5.508403778076172,-9.767668724060059,-10.46139907836914,-13.1535005569458,-14.2407808303833,-12.395560264587402,-6.855658054351807,-12.829306602478027,-1.6034493446350098,-17.84978675842285,-12.95563793182373,-8.867454528808594,-11.94472599029541,-3.1393775939941406,-10.605744361877441,-9.079140663146973,-3.3525454998016357,-5.824579238891602,-3.3833515644073486,-10.004231452941895
03f8931a1,-15.504440307617188,-12.882766723632812,-31.73630714416504,-10.805035591125488,-11.265828132629395,-11.228375434875488,-10.152661323547363,-7.506816864013672,-19.703067779541016,-17.56700325012207,-5.257596969604492,-11.975341796875,-13.807843208312988,-18.968503952026367,-14.941845893859863,-2.6976168155670166,-13.182694435119629,-7.520480632781982,-13.009513854980469,-8.545489311218262,-3.0093061923980713,-15.462672233581543,-8.63378620147705,-11.240416526794434
04053cd3e,-4.773341655731201,-11.93970012664795,-20.991926193237305,-8.951582908630371,-3.760329008102417,-8.469843864440918,-9.870427131652832,-7.9056315422058105,-7.159198760986328,-13.918251037597656,-8.862898826599121,-18.624109268188477,-4.419145107269287,-13.540630340576172,-3.6662657260894775,-12.09292221069336,-24.688331604003906,-11.092041969299316,-2.2699320316314697,-11.402863502502441,-8.373213768005371,-5.82477331161499,-4.927144527435303,-6.387461185455322
040d4f0d5,-12.808939933776855,-10.212206840515137,-20.33349609375,-10.766804695129395,-4.786035537719727,-5.780076503753662,-10.976317405700684,-14.545001029968262,-13.575003623962402,-10.716960906982422,-11.016571044921875,-13.521306037902832,-3.80304217338562,-13.650799751281738,-1.133031964302063,-7.628053188323975,-22.17732810974121,-10.530221939086914,-8.155105590820312,-7.717702388763428,-10.624255180358887,-4.638213157653809,-7.490550994873047,-6.304969787597656
042a6c838,-15.013361930847168,-2.5752198696136475,-23.671615600585938,-9.282981872558594,-4.911556720733643,-9.868793487548828,-10.581280708312988,-7.462955474853516,-13.621833801269531,-12.673454284667969,-9.609500885009766,-16.012277603149414,-9.129653930664062,-11.121123313903809,-8.755900382995605,-7.789251327514648,-17.379989624023438,-11.756831169128418,-9.329907417297363,-8.060920715332031,-11.293463706970215,-7.330948352813721,-8.484321594238281,-9.931193351745605
044173e0d,-10.237785339355469,-8.08800220489502,-22.137466430664062,-7.789127826690674,-6.641654968261719,-4.623579502105713,-3.7258460521698,-8.967940330505371,-11.22177505493164,-11.520834922790527,-4.969256401062012,-14.445889472961426,-6.3213043212890625,-14.891762733459473,-5.3221116065979,-6.770730495452881,-18.173078536987305,-9.6676025390625,-6.4543137550354,-4.2398552894592285,-4.020715236663818,-7.621663570404053,0.94806307554245,-5.342264652252197
04496d53a,-14.356547355651855,-12.935028076171875,-26.756731033325195,-11.990496635437012,-9.16164779663086,-7.166786193847656,-5.402903079986572,-6.632953643798828,-16.114431381225586,-15.066964149475098,-11.665690422058105,-14.486485481262207,-11.687426567077637,-17.913150787353516,-12.018913269042969,-5.211284160614014,-15.26237964630127,-5.343404769897461,-10.678726196289062,-9.10981559753418,-0.44687509536743164,-12.790892601013184,-5.234988212585449,-5.544626235961914
0465bce22,-14.500816345214844,-6.621606349945068,-20.338167190551758,-10.318060874938965,-7.635240077972412,-6.417551517486572,-9.185032844543457,-7.233375549316406,-18.339935302734375,-14.48663330078125,-11.08497142791748,-11.899066925048828,-8.17212200164795,-14.543482780456543,-2.8717920780181885,-6.279018402099609,-25.009721755981445,-10.548270225524902,-7.322396755218506,-7.9083685874938965,-7.238223552703857,-11.119040489196777,-9.502071380615234,-7.763750076293945
047a7c4bf,-10.769196510314941,-12.186187744140625,-18.340620040893555,-12.271397590637207,-8.127644538879395,-7.97062349319458,-9.730827331542969,-9.485620498657227,-15.767828941345215,-10.853004455566406,0.023471513763070107,-13.291386604309082,-3.808429718017578,-22.66596031188965,-5.372081756591797,-12.54296588897705,-25.880401611328125,-5.939327239990234,-8.636460304260254,-4.051763534545898,-11.280379295349121,-12.62701416015625,-6.76580286026001,-4.928771495819092
048b0a17d,-10.443482398986816,-11.51203441619873,-23.095853805541992,-8.897287368774414,-6.918539047241211,-2.07938551902771,-4.498042583465576,-9.113158226013184,-15.640621185302734,-12.66915225982666,-4.945230484008789,-15.759074211120605,-8.864089965820312,-15.722477912902832,-5.136501312255859,-9.456031799316406,-22.1678409576416,-10.23867130279541,-7.053847789764404,-5.821392059326172,-5.982412815093994,-7.031955718994141,-0.9733985066413879,-3.970435380935669
048b8700d,-11.58789348602295,-14.64022445678711,-29.340322494506836,-18.180946350097656,-6.166197299957275,-4.808745861053467,-5.048950672149658,-14.988730430603027,-14.981651306152344,-9.633482933044434,-1.672106385231018,-13.749320983886719,-10.077523231506348,-25.831697463989258,-9.93381404876709,-12.217361450195312,-27.622230529785156,-4.493114948272705,-16.15800666809082,-9.961735725402832,-5.660320281982422,-13.181279182434082,-11.0061674118042,-8.089016914367676
04997b478,-17.566123962402344,-7.182821273803711,-35.43489456176758,-10.153656959533691,-11.213726997375488,-17.916053771972656,-16.501815795898438,-15.427925109863281,-20.65699005126953,-13.953961372375488,-9.329585075378418,-13.940818786621094,-15.364869117736816,-16.62458610534668,-11.800076484680176,-14.239121437072754,-10.450810432434082,-14.05248737335205,-18.894432067871094,-6.34125280380249,-13.298927307128906,-13.84747314453125,-19.681650161743164,-18.445650100708008
04aa83271,-18.205568313598633,-5.7425456047058105,-33.049468994140625,-9.50507926940918,-6.173142910003662,-15.337529182434082,-11.54430866241455,-12.911192893981934,-12.71752643585205,-15.668553352355957,-9.9063081741333,-15.714553833007812,-9.472245216369629,-17.202238082885742,-15.236274719238281,-12.018577575683594,-8.402661323547363,-7.826793193817139,-14.635673522949219,-4.219197750091553,-7.760232448577881,-10.01681900024414,-9.866859436035156,-12.070556640625
04aef0297,-12.928466796875,-8.797318458557129,-18.988489151000977,-9.40020751953125,-5.262167453765869,-10.134749412536621,-10.156355857849121,-11.304141998291016,-17.085844039916992,-11.5716552734375,-9.782968521118164,-15.86432933807373,-3.122232675552368,-16.978918075561523,-0.1442205160856247,-7.637568950653076,-24.628921508789062,-12.39159870147705,-2.598177671432495,-8.523590087890625,-11.152544975280762,-6.306921482086182,-7.834894180297852,-9.903489112854004
04e21ba1b,-13.961043357849121,-8.622403144836426,-26.612150192260742,-16.335054397583008,-9.828125,-1.3615927696228027,-1.8563283681869507,-12.609684944152832,-13.56989574432373,-14.558944702148438,-9.415109634399414,-12.81214427947998,-8.651738166809082,-17.80915641784668,-8.749762535095215,-3.7111968994140625,-19.9846248626709,-1.595435619354248,-6.29406213760376,-8.07788372039795,-4.4853901863098145,-9.423770904541016,1.23703134059906,-9.02603816986084
04f07f088,-10.014991760253906,-4.186120510101318,-20.199708938598633,-7.478636264801025,-3.7101428508758545,-7.001960754394531,-10.648568153381348,-5.483035564422607,-10.385321617126465,-10.107059478759766,-6.358755588531494,-18.158950805664062,-6.811575412750244,-10.033270835876465,-5.643640518188477,-8.093918800354004,-21.57285499572754,-14.048675537109375,-7.691145420074463,-5.180150508880615,-9.760762214660645,-3.1722934246063232,-6.059045314788818,-3.579317808151245
052b35029,-12.001152038574219,-10.731968879699707,-18.152570724487305,-8.836052894592285,-7.494542598724365,-7.886005401611328,-7.6316094398498535,-7.854139804840088,-15.695145606994629,-9.612844467163086,-6.924768924713135,-10.878199577331543,-0.6708857417106628,-16.09120750427246,-9.807342529296875,-5.338449954986572,-15.607396125793457,-10.141486167907715,-7.379650115966797,-1.736670970916748,-6.658529758453369,-8.782177925109863,-1.8546866178512573,-5.2755656242370605
053f5fe34,-11.890907287597656,-5.524158000946045,-21.153541564941406,-11.290873527526855,-7.043417453765869,-10.118983268737793,-11.026677131652832,-11.352843284606934,-13.959176063537598,-11.154731750488281,-8.339433670043945,-15.352757453918457,-5.153873920440674,-15.61511516571045,2.245546579360962,-10.83525562286377,-25.43755531311035,-12.73681354522705,-7.8082709312438965,-10.880261421203613,-7.412789821624756,-4.460632801055908,-8.002808570861816,-8.1627197265625
059859ca1,-13.825545310974121,-8.803730010986328,-21.6480712890625,-9.634381294250488,-7.900736331939697,-6.570552825927734,-6.411977291107178,-10.821148872375488,-15.972225189208984,-9.978288650512695,-8.417400360107422,-13.025962829589844,-7.992767333984375,-16.967267990112305,-5.355228424072266,-7.605490207672119,-21.61861228942871,-11.75610637664795,-8.02846622467041,-7.723260402679443,-4.1082634925842285,-7.886457920074463,-0.24601316452026367,-4.667861461639404
05d2c9fbc,-12.063159942626953,-9.432168006896973,-19.02524185180664,-6.752620220184326,-8.425707817077637,-12.002586364746094,-12.36010456085205,0.6020193099975586,-17.691909790039062,-12.12128734588623,-5.937033176422119,-17.7159423828125,-11.674986839294434,-16.912933349609375,-10.9424409866333,-5.637823104858398,-19.48851203918457,-10.235642433166504,-14.672390937805176,-4.547251224517822,-8.990328788757324,-8.921236991882324,-4.231779098510742,-11.273240089416504
06011bbad,-13.944259643554688,-13.107041358947754,-23.23714256286621,-9.272089958190918,-4.990882396697998,-8.872742652893066,-3.691880464553833,-5.859413146972656,-18.341676712036133,-9.934725761413574,-3.662903070449829,-9.397858619689941,-8.711138725280762,-18.738332748413086,-7.476155757904053,-11.241554260253906,-21.145721435546875,-8.837475776672363,-5.283566474914551,-6.8418450355529785,-0.968895673751831,-11.892913818359375,-2.3424465656280518,-5.740694046020508
06355ced6,-13.942835807800293,-14.38571548461914,-28.684715270996094,-7.264228343963623,-8.016449928283691,-11.593493461608887,-5.949150085449219,-5.144634246826172,-17.54437828063965,-7.8997673988342285,-4.153240203857422,-14.22996997833252,-9.53697395324707,-19.521127700805664,-10.453750610351562,-9.774285316467285,-15.691926002502441,-7.967840671539307,-5.029808044433594,-7.276641845703125,-3.5650904178619385,-13.173919677734375,-0.6156057715415955,-6.91632080078125
0637cd357,-9.821106910705566,-7.994216442108154,-21.819231033325195,-9.648699760437012,-6.0239129066467285,-2.3057398796081543,-5.051459789276123,-7.812425136566162,-13.287579536437988,-13.148432731628418,-3.3000199794769287,-15.024683952331543,-6.655483245849609,-15.344513893127441,-6.490992069244385,-9.650740623474121,-20.217294692993164,-11.574191093444824,-6.254904270172119,-5.757297039031982,-2.848367929458618,-8.601276397705078,-3.3682448863983154,-2.5505549907684326
06677c2a1,-9.31143569946289,-8.890814781188965,-21.291112899780273,-10.802580833435059,-5.792791843414307,-5.829248905181885,-6.363554000854492,-10.50318431854248,-7.775608539581299,-9.659664154052734,-6.762308597564697,-15.477462768554688,-2.118513822555542,-12.702986717224121,-3.142430543899536,-10.067397117614746,-18.992103576660156,-11.630905151367188,-3.636263847351074,-8.393345832824707,-7.20947790145874,-5.6953582763671875,-0.8632197380065918,-4.330121994018555
06d3bbdd6,-9.937524795532227,-7.7742919921875,-21.429649353027344,-9.716261863708496,-4.07910680770874,-9.136300086975098,-8.569916725158691,-9.76211929321289,-8.181415557861328,-9.976066589355469,-7.6274895668029785,-17.670711517333984,-2.126505136489868,-12.487292289733887,-3.582404375076294,-11.776641845703125,-19.752756118774414,-9.785835266113281,-3.6386911869049072,-8.074551582336426,-9.529715538024902,-3.6810226440429688,-5.691857814788818,-8.537137985229492
06ee4df67,-14.391281127929688,-8.955973625183105,-25.59453582763672,-11.398898124694824,-10.6273775100708,-10.563587188720703,-6.064321517944336,-8.600096702575684,-12.576277732849121,-11.427433967590332,-11.55038070678711,-13.820210456848145,-11.225410461425781,-13.447516441345215,-5.746253967285156,-2.5014259815216064,-20.74730682373047,-11.934969902038574,-10.490998268127441,-8.926308631896973,-7.541721343994141,-6.522430419921875,-4.601944446563721,-6.975332260131836
0724b938e,-9.867070198059082,-10.76044750213623,-23.418609619140625,-7.831611156463623,-5.676718235015869,-6.771727085113525,-6.129825592041016,-7.650754451751709,-18.161649703979492,-11.844356536865234,-1.2080249786376953,-16.22210121154785,-6.75474214553833,-19.047883987426758,-7.194974422454834,-13.928866386413574,-23.06505584716797,-9.207852363586426,-6.630560398101807,-4.733375549316406,-3.650275468826294,-10.104962348937988,-4.343752384185791,-3.8075740337371826
0728b2d37,-8.522257804870605,-7.204415798187256,-19.235658645629883,-10.242609024047852,-6.470204830169678,-2.609215497970581,-6.37653923034668,-8.468135833740234,-13.632962226867676,-12.537086486816406,-5.664644718170166,-15.280903816223145,-6.0330963134765625,-16.874311447143555,-6.023135662078857,-10.614336013793945,-22.237396240234375,-13.231520652770996,-8.018658638000488,-6.384528636932373,-3.6714375019073486,-8.645062446594238,-3.3445510864257812,-1.2759138345718384
0769cc41f,-20.46735191345215,-10.593921661376953,-36.637393951416016,-10.787956237792969,-10.48412036895752,-20.449220657348633,-11.701790809631348,-12.009018898010254,-22.92696189880371,-16.288415908813477,-11.487174987792969,-16.429773330688477,-15.639141082763672,-16.34955596923828,-14.392720222473145,-9.691033363342285,-6.24249792098999,-8.89549732208252,-17.505870819091797,-7.408827304840088,-14.179780006408691,-16.457590103149414,-18.519283294677734,-18.362096786499023
076d267e9,-11.479118347167969,-8.784952163696289,-18.105119705200195,-11.172589302062988,-2.6335318088531494,-8.635720252990723,-8.888771057128906,-9.24743938446045,-8.527350425720215,-11.395927429199219,-9.070235252380371,-17.937170028686523,0.8301189541816711,-12.138954162597656,-4.7401909828186035,-10.66268253326416,-18.63715362548828,-10.459725379943848,-1.7297347784042358,-10.17465591430664,-7.441979885101318,-6.879721164703369,-3.7020130157470703,-4.064519882202148
07758f213,-14.542742729187012,-14.361552238464355,-27.18990135192871,-17.136486053466797,-9.072279930114746,-10.55324649810791,-3.5145509243011475,-14.298331260681152,-18.892528533935547,-9.622634887695312,-8.536322593688965,-8.990543365478516,-7.886375427246094,-18.348844528198242,-8.472599029541016,-8.068305015563965,-19.082433700561523,-7.090653896331787,-12.623348236083984,-11.135123252868652,-4.875655651092529,-15.511611938476562,-10.612854957580566,-15.550572395324707
07d477123,-8.839168548583984,-8.91528606414795,-20.979154586791992,-8.29830265045166,-5.952233791351318,-5.4010796546936035,-5.518123626708984,-9.719602584838867,-8.816040992736816,-11.1500825881958,-6.989307880401611,-14.470600128173828,-5.697534561157227,-12.931916236877441,-4.3773112297058105,-11.50450611114502,-17.522300720214844,-12.262402534484863,-6.191522121429443,-4.602519989013672,-7.439301013946533,-6.089762210845947,-3.9713451862335205,-4.54058313369751
07e8a69a4,-11.268465995788574,-10.927838325500488,-22.48908233642578,-8.611075401306152,-8.791401863098145,-2.6281216144561768,-7.9061360359191895,-11.160561561584473,-14.654815673828125,-8.880938529968262,-4.592718601226807,-13.057266235351562,-11.014022827148438,-17.96351432800293,-4.241536617279053,-7.864462375640869,-22.9843807220459,-8.109358787536621,-8.14901351928711,-6.709403991699219,-4.34930419921875,-10.972625732421875,-0.9152970314025879,-7.755102157592773
0882a07d2,-9.248772621154785,-9.209885597229004,-16.905168533325195,-7.668455600738525,-3.7856175899505615,-8.173714637756348,-8.71505069732666,-7.372745037078857,-11.301589965820312,-11.47494125366211,-6.389952182769775,-14.003547668457031,-0.29637622833251953,-11.41110897064209,-8.121503829956055,-7.214618682861328,-12.768386840820312,-8.62160587310791,-3.567394971847534,-6.343156337738037,-7.247478485107422,-5.784792423248291,-2.8943569660186768,-6.613060474395752
08aaf51a8,-10.36056900024414,-3.9920008182525635,-23.52374267578125,-6.908636569976807,-6.4674835205078125,-7.981350421905518,-8.189756393432617,-5.2909698486328125,-13.531683921813965,-9.21140193939209,-7.243727207183838,-15.26616382598877,-8.305496215820312,-13.819572448730469,-8.042632102966309,-8.909998893737793,-20.637357711791992,-6.6832122802734375,-7.982738494873047,-4.8403401374816895,-10.71892261505127,-8.263102531433105,-4.595460891723633,-5.6397271156311035
08b58f0b0,-13.193236351013184,-11.489184379577637,-19.83888816833496,-7.597330570220947,-7.696281433105469,-4.803167343139648,-11.192768096923828,-7.338804721832275,-14.292301177978516,-11.495514869689941,-0.9931920170783997,-12.0707368850708,-2.3285763263702393,-16.08695411682129,-7.347450256347656,-5.705008029937744,-16.776336669921875,-8.778327941894531,-5.365976810455322,-0.06426596641540527,-8.714417457580566,-12.894996643066406,-0.6677693724632263,-7.5498480796813965
08c11ec6e,-9.937957763671875,-8.222086906433105,-23.10584831237793,-9.579628944396973,-8.691498756408691,-7.894336223602295,-6.99696683883667,-12.885022163391113,-10.331154823303223,-10.73425579071045,-8.303900718688965,-12.225577354431152,-6.542652130126953,-15.17538070678711,-7.057731628417969,-7.037473201751709,-20.13909339904785,-9.287049293518066,-5.184993267059326,-3.42266583442688,-8.719460487365723,-7.397531032562256,-3.6956470012664795,-6.379157543182373
090d27329,-15.75448989868164,-10.328189849853516,-25.568885803222656,-11.196187019348145,-10.012227058410645,-5.609941005706787,-3.4437780380249023,-8.540057182312012,-16.477951049804688,-12.376895904541016,-5.414279937744141,-8.370278358459473,-13.334017753601074,-17.78766441345215,-11.292683601379395,-0.641970157623291,-17.54285430908203,-10.368329048156738,-12.726954460144043,-7.222532749176025,-5.045316696166992,-14.315269470214844,-7.24079704284668,-10.22547435760498
0966a30a3,-8.432205200195312,-9.991246223449707,-20.4300537109375,-10.06827449798584,-6.708395481109619,-2.424410343170166,-7.457250118255615,-8.480570793151855,-13.929944038391113,-13.251126289367676,-4.957564830780029,-14.801173210144043,-7.9241156578063965,-16.542327880859375,-6.047506809234619,-5.982349395751953,-21.246482849121094,-12.346558570861816,-9.259209632873535,-6.302583694458008,-4.632358074188232,-10.024916648864746,-5.874433994293213,-3.1662065982818604
097c4f536,-17.1727294921875,-16.13771629333496,-25.018461227416992,-13.39531421661377,-12.321991920471191,-9.783781051635742,-7.67088508605957,-9.770336151123047,-22.040306091308594,-19.675195693969727,-7.538447856903076,-5.711175441741943,-12.586262702941895,-22.91318702697754,-8.60080337524414,-9.22272777557373,-23.557405471801758,-9.831367492675781,-9.93285846710205,-7.788028717041016,-5.489312648773193,-16.439687728881836,-5.828742980957031,-8.700732231140137
099b55467,-13.340624809265137,-16.46586799621582,-26.44524574279785,-14.492077827453613,-12.359116554260254,-4.639559268951416,-6.878039836883545,-10.94083023071289,-16.75657081604004,-9.747332572937012,-3.272602081298828,-9.875866889953613,-12.12005615234375,-20.59271240234375,-6.228724956512451,-10.954737663269043,-21.263818740844727,-9.361461639404297,-13.490735054016113,-6.469669818878174,-5.238982677459717,-13.590664863586426,-10.028380393981934,-6.312549591064453
09cf1cd6b,-10.529646873474121,-12.039202690124512,-23.11513328552246,-10.75162124633789,-7.5723395347595215,-5.699012756347656,-10.106486320495605,-10.125222206115723,-17.09027671813965,-12.698254585266113,-6.196646213531494,-9.866257667541504,-7.8708815574646,-18.663488388061523,-10.359938621520996,-6.202213287353516,-21.051048278808594,-4.533595561981201,-8.560245513916016,-5.452594757080078,-3.6078941822052,-9.860139846801758,-6.731688022613525,-7.1200385093688965
09ffed9c0,-13.482821464538574,-10.376980781555176,-26.596572875976562,-9.673436164855957,-7.70126485824585,-12.216873168945312,-6.859562397003174,-7.822242736816406,-20.47425079345703,-13.033909797668457,-4.262984752655029,-11.776211738586426,-14.32446002960205,-19.51456642150879,-11.574745178222656,1.0627756118774414,-20.232620239257812,-6.848489284515381,-14.553574562072754,-4.869287967681885,-5.630706310272217,-13.119061470031738,-8.109819412231445,-9.360625267028809
0a45adab2,-13.586203575134277,-13.733881950378418,-24.35869026184082,-13.242413520812988,-8.050082206726074,-6.050075531005859,-5.026673793792725,-6.380123138427734,-16.657106399536133,-17.584699630737305,-5.477982997894287,-9.909371376037598,-13.57717227935791,-20.71259307861328,-10.710726737976074,-9.14965534210205,-21.874574661254883,-8.337618827819824,-9.700684547424316,-11.009116172790527,-1.6856769323349,-14.257542610168457,-4.004200458526611,-5.331247806549072
0a64c67f8,-7.377124309539795,-4.64451265335083,-19.23271942138672,-10.486308097839355,-4.021463871002197,-4.674930095672607,-8.899643898010254,-6.353853225708008,-9.064823150634766,-10.831363677978516,-6.132883548736572,-16.531904220581055,-3.76802134513855,-14.769217491149902,-6.259944438934326,-6.570729732513428,-21.9842586517334,-11.6041259765625,-7.996670246124268,-7.1925368309021,-8.542489051818848,-5.04224157333374,-4.8474249839782715,-5.798581600189209
0a6a36fb6,-17.65167236328125,-15.145282745361328,-27.46831703186035,-15.89707088470459,-12.41492748260498,-15.302287101745605,-7.834330081939697,-7.129878997802734,-18.285552978515625,-12.332389831542969,-5.700719356536865,-7.892893314361572,-10.843546867370605,-18.2849063873291,-13.540553092956543,-7.687977313995361,-17.275829315185547,-5.443483829498291,-12.981704711914062,-8.594846725463867,-4.554259777069092,-11.999835968017578,-6.1276984214782715,-8.065086364746094
0a930ca0f,-10.730720520019531,-10.785080909729004,-19.761592864990234,-8.62191104888916,-8.836405754089355,-4.369744777679443,-10.343174934387207,-9.872468948364258,-13.93932056427002,-13.040946960449219,-4.496101379394531,-14.835307121276855,-7.688783645629883,-19.063758850097656,-9.176447868347168,-7.238155364990234,-23.889360427856445,-12.51081371307373,-8.228289604187012,-6.037551403045654,-2.670271635055542,-10.02087688446045,-2.665712356567383,-1.9162791967391968
0ae65727d,-11.025568962097168,-11.854086875915527,-23.76897430419922,-8.58387565612793,-6.9397454261779785,-8.67226791381836,-5.24129581451416,-7.7633514404296875,-17.496381759643555,-11.02371883392334,-2.1160085201263428,-16.676485061645508,-5.370941638946533,-16.809341430664062,-7.659259796142578,-11.702038764953613,-18.828842163085938,-8.084101676940918,-6.61236047744751,-6.33490514755249,-1.5897760391235352,-9.524012565612793,-1.6514967679977417,-2.943786382675171
0b13e273c,-16.656301498413086,-7.135921001434326,-24.51259422302246,-13.1627779006958,-9.30376148223877,-10.44626522064209,-11.499832153320312,-4.189792633056641,-13.429901123046875,-13.996966361999512,-10.948165893554688,-11.325688362121582,-11.309151649475098,-15.910622596740723,-10.20776653289795,-0.06599855422973633,-22.724390029907227,-16.3617000579834,-13.713691711425781,-6.247007369995117,-11.239975929260254,-10.286750793457031,-10.366436004638672,-8.144886016845703
0b2d25d62,-18.628219604492188,-10.9525785446167,-37.23226547241211,-8.154149055480957,-10.863335609436035,-14.049506187438965,-9.386873245239258,-17.604036331176758,-20.685304641723633,-16.645414352416992,-11.640498161315918,-16.272979736328125,-15.34643268585205,-15.794593811035156,-13.215965270996094,-10.399486541748047,-11.58031940460205,-13.08219051361084,-18.357318878173828,-5.9340081214904785,-10.85699462890625,-11.467438697814941,-17.09540557861328,-14.786811828613281
0b3cbd762,-4.784369468688965,-11.663975715637207,-20.875246047973633,-12.086407661437988,-3.662665605545044,-12.197216987609863,-9.765445709228516,-11.556816101074219,-13.999259948730469,-13.080680847167969,-11.004055976867676,-16.739242553710938,-3.127631187438965,-14.8021821975708,-6.093855381011963,-12.514883995056152,-22.338777542114258,-14.698552131652832,-1.1212859153747559,-10.815791130065918,-11.56105899810791,-6.261234760284424,-8.596498489379883,-6.404482364654541
0b42e54ab,-11.138873100280762,-9.36803913116455,-22.841257095336914,-12.085001945495605,-8.454658508300781,-4.495418071746826,-4.009542465209961,-8.184649467468262,-13.952229499816895,-15.0093355178833,-4.365459442138672,-13.583523750305176,-9.190552711486816,-18.861515045166016,-3.784541368484497,-8.010519981384277,-19.934097290039062,-8.947543144226074,-7.826029300689697,-5.0625,-3.8455698490142822,-8.618828773498535,-0.5608884692192078,-4.760059833526611
0b7f599cf,-9.918061256408691,-4.4972825050354,-18.211631774902344,-7.999153137207031,-8.978906631469727,-4.643176078796387,-6.426167964935303,-9.765890121459961,-12.528407096862793,-12.745478630065918,-4.421023368835449,-17.750938415527344,-7.656337738037109,-14.30562686920166,-3.322870969772339,-7.224207401275635,-21.715089797973633,-10.034899711608887,-8.401810646057129,-5.98394775390625,-5.736192226409912,-5.388037204742432,-5.082787990570068,-3.9623382091522217
0ba908079,-12.956034660339355,-8.982422828674316,-24.489301681518555,-7.56213903427124,-6.3785271644592285,-6.628075122833252,-2.399183511734009,-8.930402755737305,-17.006196975708008,-13.044419288635254,-10.245349884033203,-13.890814781188965,-11.775012016296387,-12.83785629272461,-9.021493911743164,-1.035002589225769,-15.922343254089355,-8.628140449523926,-9.073576927185059,-5.438320159912109,-5.697515487670898,-9.245762825012207,-3.8335750102996826,-6.855719089508057
0baed3c67,-9.884994506835938,-7.624149799346924,-21.21381950378418,-9.14395809173584,-8.06415843963623,-5.710456848144531,-11.369686126708984,-6.172257900238037,-13.1285982131958,-10.02083683013916,-2.4693334102630615,-14.700160026550293,-8.030806541442871,-16.099201202392578,-4.166805267333984,-12.595222473144531,-25.602758407592773,-8.259537696838379,-8.072842597961426,-4.233269691467285,-4.375498294830322,-9.374187469482422,-2.622337579727173,-2.7989702224731445
0bcb177ea,-13.271293640136719,-12.946375846862793,-9.203495025634766,-8.707027435302734,-8.751792907714844,-11.893719673156738,-17.875049591064453,-10.664369583129883,-15.494460105895996,-12.018902778625488,-6.176788330078125,-11.349414825439453,-5.116551876068115,-20.25982093811035,-8.009586334228516,-9.657105445861816,-29.140762329101562,-12.323718070983887,-5.4307074546813965,-9.38784408569336,-9.327882766723633,-15.344012260437012,-4.8927812576293945,-6.2868499755859375
0bd8a0e62,-16.405834197998047,-12.750354766845703,-22.579721450805664,-9.96573543548584,-8.872275352478027,-12.35882568359375,-0.7961199879646301,-6.896551609039307,-18.06413459777832,-13.174457550048828,-5.475949764251709,-13.685066223144531,-9.730436325073242,-18.68390655517578,-8.890788078308105,-10.55277156829834,-22.33196449279785,-11.5400972366333,-7.479021072387695,-9.605207443237305,-5.9549336433410645,-13.199535369873047,-7.050500392913818,-3.976154327392578
0be3a4baa,-11.236355781555176,-9.78247356414795,-18.86971092224121,-7.681865215301514,-5.7357964515686035,-6.033998012542725,-5.429240703582764,-7.152153015136719,-12.698649406433105,-11.089091300964355,-4.058060169219971,-14.90178394317627,-5.79290246963501,-16.953140258789062,-5.288748264312744,-8.583537101745605,-21.389005661010742,-11.13992977142334,-5.28588342666626,-5.180629253387451,-5.655999660491943,-8.092293739318848,0.7335898280143738,-4.294131278991699
0c4d6a79e,-12.81328296661377,-5.89463472366333,-19.506040573120117,-9.813366889953613,-5.924764156341553,-7.006798267364502,-7.414028644561768,-7.342405796051025,-14.744059562683105,-12.932965278625488,-4.707522869110107,-21.836767196655273,-9.613764762878418,-17.016294479370117,-4.842508792877197,-8.307920455932617,-22.99036979675293,-5.564321041107178,-12.350377082824707,-7.671014308929443,-9.522242546081543,-8.23568344116211,-5.273860454559326,-7.399648666381836
0c5143157,-17.407133102416992,-7.049973964691162,-20.457765579223633,-5.698495388031006,-6.5303568840026855,-7.019905090332031,-13.23403263092041,-10.16020393371582,-14.940943717956543,-16.133270263671875,-5.518249988555908,-18.755517959594727,-11.787437438964844,-16.825042724609375,-10.686406135559082,-6.3492608070373535,-22.357192993164062,-10.00914478302002,-10.344893455505371,-6.932168960571289,-5.8848724365234375,-9.023350715637207,-14.251197814941406,-8.406144142150879
0c7a15b50,-14.443982124328613,-11.152398109436035,-22.143455505371094,-11.25268840789795,-10.920243263244629,-7.88714075088501,-6.780124664306641,-7.945970058441162,-17.122716903686523,-12.87600326538086,-1.9952119588851929,-14.4141206741333,-9.522505760192871,-15.498089790344238,-6.150829315185547,-8.755345344543457,-20.31525421142578,-14.388155937194824,-13.12478256225586,-8.396003723144531,-8.627882957458496,-13.66480541229248,-9.313549995422363,-7.621781826019287
0cbcff74d,-18.860689163208008,-12.248198509216309,-24.195924758911133,-14.139751434326172,-10.228779792785645,-4.904601573944092,-7.1927876472473145,-8.062483787536621,-17.709556579589844,-16.724014282226562,-4.523684024810791,-11.302169799804688,-12.525179862976074,-23.063119888305664,-10.687447547912598,-10.770965576171875,-23.47710609436035,-10.15392017364502,-9.680872917175293,-9.56686782836914,-2.9836933612823486,-15.66241455078125,-3.3133528232574463,-7.484874248504639
0cc9654d3,-11.338046073913574,-7.947216033935547,-24.222618103027344,-7.842567443847656,-6.638841152191162,-2.2074525356292725,-4.540306091308594,-10.762627601623535,-15.541653633117676,-10.904444694519043,-8.033244132995605,-13.112545013427734,-7.699056148529053,-15.9713773727417,-5.554194927215576,-6.474666118621826,-19.19233512878418,-9.332880973815918,-7.83570671081543,-4.586729049682617,-3.46075701713562,-7.6031494140625,-2.70232892036438,-5.266162395477295
0ce6c3971,-16.307212829589844,-5.779869556427002,-29.067468643188477,-9.621956825256348,-10.997834205627441,-7.2348761558532715,-5.20639181137085,-14.633660316467285,-17.258140563964844,-16.161590576171875,-15.516522407531738,-13.678128242492676,-15.096158027648926,-17.030317306518555,-6.405907154083252,-0.05962657928466797,-23.29195213317871,-10.476122856140137,-12.677815437316895,-4.264406681060791,-9.80406665802002,-10.949236869812012,-10.951499938964844,-9.854697227478027
0cff61a28,-19.581392288208008,-10.50175952911377,-34.50838088989258,-6.236213684082031,-11.572738647460938,-15.891921043395996,-15.764252662658691,-11.399044036865234,-22.934005737304688,-20.791061401367188,-10.555038452148438,-6.786184310913086,-17.99456214904785,-18.387075424194336,-17.94416618347168,-4.879831790924072,-10.048721313476562,-8.155295372009277,-18.778059005737305,-6.477848529815674,-12.122891426086426,-16.970245361328125,-17.260120391845703,-16.690670013427734
0d2419e0e,-6.831696033477783,-7.7938995361328125,-20.779985427856445,-7.171501159667969,-5.592169284820557,-6.522575378417969,-8.837138175964355,-11.643589973449707,-9.937819480895996,-10.09274673461914,-6.725392818450928,-16.0459041595459,-2.962669610977173,-14.281967163085938,-5.153021335601807,-8.057244300842285,-21.86316680908203,-11.495539665222168,-5.998167514801025,-6.324965000152588,-8.578634262084961,-4.523391246795654,-6.726142883300781,-4.349144458770752
0d999c656,-12.555371284484863,-15.264225959777832,-27.458175659179688,-8.2964506149292,-9.752020835876465,-12.537795066833496,-4.974700927734375,-8.449872970581055,-15.659217834472656,-9.831887245178223,-5.105257034301758,-9.271981239318848,-9.740221977233887,-20.21192741394043,-7.833612442016602,-12.97354507446289,-17.73998260498047,-12.43777084350586,-5.943519115447998,-4.135153293609619,-4.828972339630127,-11.339886665344238,-2.962470293045044,-4.958238124847412
0da661bf4,-10.250910758972168,-11.180071830749512,-18.276350021362305,-11.279296875,-7.923744201660156,-7.414451599121094,-7.548581600189209,-9.933788299560547,-15.446964263916016,-12.33705997467041,-5.2927565574646,-16.57352638244629,-6.092431545257568,-19.6164608001709,-3.092388868331909,-9.829843521118164,-26.05998420715332,-7.956921100616455,-8.918399810791016,-7.343139171600342,-4.896529674530029,-6.042666912078857,-7.8410868644714355,-5.210378170013428
0dc380aa8,-12.403091430664062,-12.518478393554688,-26.79718589782715,-16.792665481567383,-9.482701301574707,-5.247642517089844,-6.0686798095703125,1.606624960899353,-19.473718643188477,-12.180628776550293,-6.4599785804748535,-14.123835563659668,-6.580261707305908,-20.635099411010742,-10.38261890411377,-9.487818717956543,-20.60572624206543,-5.974124431610107,-10.976618766784668,-11.344861030578613,-3.5666401386260986,-11.340685844421387,-6.841731548309326,-8.696940422058105
0dda9e6b1,-4.486680030822754,-10.0358304977417,-21.42725944519043,-11.50897216796875,-2.245213747024536,-9.307831764221191,-8.781574249267578,-9.463034629821777,-10.849629402160645,-11.659749031066895,-9.852837562561035,-17.130640029907227,-3.462247848510742,-11.64889907836914,-7.525295257568359,-12.173945426940918,-22.15955352783203,-14.998860359191895,-2.444976329803467,-9.0286283493042,-11.140379905700684,-7.351192951202393,-7.808948516845703,-5.84864616394043
0ddf2b7a6,-13.681879997253418,-11.7681245803833,-26.541168212890625,-6.920835494995117,-8.088573455810547,-8.417606353759766,-8.562260627746582,1.294298529624939,-15.817814826965332,-18.779367446899414,-6.121273517608643,-11.954201698303223,-15.962908744812012,-15.701522827148438,-11.940025329589844,-5.760817050933838,-20.101245880126953,-8.740239143371582,-13.219819068908691,-7.046527862548828,-7.552524089813232,-13.483668327331543,-10.140820503234863,-7.846381664276123
0def49130,-13.7078857421875,-9.769373893737793,-21.93141746520996,-10.927314758300781,-7.1645355224609375,-12.155455589294434,-6.168092727661133,-8.097565650939941,-12.265769004821777,-10.375436782836914,-8.788464546203613,-13.283329963684082,-9.335040092468262,-18.985395431518555,-3.6256978511810303,-8.364547729492188,-20.8557186126709,-10.1171236038208,-10.049571990966797,-11.347441673278809,-3.7666690349578857,-7.241818904876709,-1.6380358934402466,-6.463551044464111
0e09adfe9,-17.354307174682617,-8.006125450134277,-31.825674057006836,-10.075309753417969,-6.715553283691406,-16.015317916870117,-13.07017993927002,-9.2179536819458,-16.238525390625,-14.290759086608887,-6.062925338745117,-13.603697776794434,-9.098759651184082,-15.919508934020996,-16.472200393676758,-11.850479125976562,-8.103299140930176,-6.29918909072876,-12.676468849182129,-10.189827919006348,-5.622396945953369,-11.640849113464355,-15.218376159667969,-16.42133903503418
0e1fe96bd,-10.15640926361084,-6.206051349639893,-19.33628273010254,-7.861575603485107,-7.5079264640808105,-3.0608255863189697,-6.535707950592041,-11.627667427062988,-12.097267150878906,-11.845413208007812,-8.62470531463623,-12.864293098449707,-7.710534572601318,-17.594213485717773,-5.087627410888672,-9.901870727539062,-21.640920639038086,-7.270147800445557,-6.657521724700928,-3.6227684020996094,-7.175713062286377,-8.560105323791504,-1.763983130455017,-3.74743390083313
0e42bd11e,-19.902523040771484,-12.458954811096191,-37.45610427856445,-9.203391075134277,-11.123883247375488,-20.49131202697754,-12.879694938659668,-11.001116752624512,-21.201202392578125,-18.05584144592285,-10.570569038391113,-19.516090393066406,-18.033235549926758,-17.153217315673828,-18.838376998901367,-12.119708061218262,-4.380892276763916,-4.694063663482666,-18.462751388549805,-8.158364295959473,-12.535244941711426,-15.836894989013672,-17.498336791992188,-13.98680591583252
0e6dadd1b,-9.076752662658691,-8.417801856994629,-19.05858039855957,-8.615508079528809,-2.9028823375701904,-7.893927097320557,-7.5002570152282715,-9.929465293884277,-13.726256370544434,-10.433259010314941,-7.596677780151367,-15.814430236816406,-4.242607116699219,-15.772273063659668,2.1116931438446045,-10.475947380065918,-22.316329956054688,-11.944401741027832,-6.580542087554932,-7.799258708953857,-8.564647674560547,-5.717530727386475,-8.49024486541748,-6.553114414215088
0e7bdb0b3,-8.592574119567871,-11.131346702575684,-25.86247444152832,-11.547534942626953,-7.925714015960693,-6.457787990570068,-5.9264140129089355,-5.072960376739502,-17.125349044799805,-12.315239906311035,-3.7218570709228516,-13.296542167663574,-14.263951301574707,-20.62116241455078,-8.169697761535645,-6.561428070068359,-24.59930419921875,-9.892451286315918,-9.30218505859375,-8.023178100585938,-3.5752508640289307,-11.063755989074707,-4.814669132232666,-2.182375192642212
0ea504d17,-11.961082458496094,-7.368444919586182,-16.766389846801758,-8.9517183303833,-10.094929695129395,-5.813218593597412,-7.669423580169678,-8.822344779968262,-18.748594284057617,-10.405905723571777,-6.910314559936523,-10.234589576721191,-9.841357231140137,-18.434656143188477,-3.4749183654785156,-9.928847312927246,-20.899919509887695,-10.44430160522461,-10.113444328308105,-6.857513427734375,-7.166606426239014,-9.391242980957031,-2.9614484310150146,-6.528769016265869
0ea77d7b7,-10.013874053955078,-8.454020500183105,-16.96645164489746,-10.053539276123047,-6.493824005126953,-6.736642837524414,-6.222920894622803,-12.298797607421875,-14.115300178527832,-7.666772842407227,-5.106245040893555,-14.256253242492676,-2.716662645339966,-16.72536277770996,-6.795430660247803,-10.399418830871582,-20.32114601135254,-3.7706377506256104,-8.811963081359863,-1.298204779624939,-9.893933296203613,-5.592016696929932,-6.248633861541748,-5.4617791175842285
0ec1aeda1,-10.183365821838379,-9.743668556213379,-23.770177841186523,-8.553372383117676,-5.76641321182251,-8.766121864318848,-5.650524139404297,-10.151121139526367,-14.547821044921875,-7.887199878692627,-11.205921173095703,-14.065250396728516,-6.158603668212891,-11.362678527832031,-5.436759948730469,-7.7963433265686035,-16.297548294067383,-10.682419776916504,-8.649234771728516,-2.7866647243499756,-4.192163467407227,-5.775486469268799,-4.83234167098999,-6.062629699707031
0ec3209e2,-10.75583267211914,-6.846353054046631,-18.867876052856445,-9.719807624816895,-2.8678035736083984,-6.917177677154541,-8.089137077331543,-9.605392456054688,-9.516678810119629,-10.533214569091797,-6.4063029289245605,-15.195870399475098,0.4758027493953705,-15.419129371643066,-4.3651299476623535,-9.451698303222656,-17.112775802612305,-7.165772914886475,-4.302525997161865,-7.842451572418213,-7.985515594482422,-4.542906284332275,-4.748151779174805,-9.05448055267334
0ec7eb8e7,-13.550158500671387,-10.818921089172363,-27.20662498474121,-13.10159683227539,-9.868288040161133,-9.29934024810791,-6.24396276473999,-12.5591402053833,-14.831334114074707,-10.352022171020508,-10.559410095214844,-8.688521385192871,-5.972064971923828,-15.290547370910645,-5.911983013153076,-5.5416083335876465,-19.733186721801758,-8.368181228637695,-9.419598579406738,-6.024492263793945,-4.243229866027832,-12.378914833068848,-12.645816802978516,-5.905985355377197
0f0e300fb,-9.029375076293945,-11.762476921081543,-19.939817428588867,-11.534404754638672,-3.365933656692505,-8.799592971801758,-8.675575256347656,-9.181099891662598,-11.977766990661621,-10.943259239196777,-8.41858959197998,-15.235875129699707,-1.5724868774414062,-13.860252380371094,-3.867551803588867,-11.065882682800293,-21.499094009399414,-11.980158805847168,-2.6676218509674072,-8.256325721740723,-5.307846546173096,-5.347389221191406,-1.46685791015625,-4.496809959411621
0f435eee1,-9.339909553527832,-11.043805122375488,-23.109777450561523,-5.994333744049072,-4.7395100593566895,-4.399064540863037,-5.36749267578125,-10.07462215423584,-15.628364562988281,-10.563621520996094,-4.3393874168396,-15.112828254699707,-9.99227237701416,-19.759719848632812,-5.154714107513428,-10.226566314697266,-23.668813705444336,-10.457581520080566,-10.188399314880371,-4.485319137573242,-1.6581627130508423,-8.175808906555176,-6.437427997589111,-2.695258378982544
0f52cfeeb,-13.007113456726074,-7.735750675201416,-21.65275764465332,-6.738437175750732,-9.717362403869629,-8.029358863830566,-10.664302825927734,-11.992802619934082,-17.763151168823242,-12.510220527648926,-12.444751739501953,-13.613365173339844,-10.289554595947266,-16.574243545532227,-4.210099697113037,-4.431141376495361,-21.119504928588867,-7.265054225921631,-11.604750633239746,-7.630878448486328,-4.343630790710449,-11.228299140930176,-8.044230461120605,-10.529509544372559
0f97e5ee5,-9.274316787719727,-8.598650932312012,-22.011009216308594,-8.015721321105957,-5.298513889312744,-5.1774420738220215,-6.492486476898193,-7.078205585479736,-11.613986015319824,-13.697972297668457,-7.380916118621826,-17.094392776489258,-6.356950283050537,-17.523733139038086,-7.421117305755615,-9.185840606689453,-22.512237548828125,-9.82657241821289,-7.228720188140869,-6.529438018798828,-7.914836883544922,-10.654925346374512,-5.6915435791015625,-2.6669838428497314
0fa0af606,-12.915813446044922,-9.690356254577637,-24.713281631469727,-8.49549388885498,-7.877933025360107,-5.570880889892578,-5.069418430328369,-11.574508666992188,-13.736735343933105,-11.2681245803833,-9.721322059631348,-12.766403198242188,-6.834043025970459,-15.653849601745605,-3.781787872314453,-5.743124008178711,-20.208433151245117,-6.337108612060547,-6.9971466064453125,-5.721157073974609,-7.074915409088135,-9.008570671081543,-2.107149362564087,-7.037283420562744
0fdab4b3c,-10.433415412902832,-7.837648391723633,-21.372520446777344,-8.806517601013184,-6.350915431976318,-3.2446582317352295,-4.0030927658081055,-10.932792663574219,-9.688788414001465,-10.276687622070312,-6.2084879875183105,-11.618441581726074,-7.371644496917725,-16.184906005859375,-4.4657769203186035,-7.474298000335693,-16.529577255249023,-11.721819877624512,-6.651187896728516,-3.2199547290802,-6.179002285003662,-10.2366361618042,-3.118252754211426,-5.059104919433594
0fef36a05,-8.587478637695312,-11.03705883026123,-21.30385398864746,-9.427247047424316,-9.084442138671875,-7.454138278961182,-6.333287715911865,-15.554642677307129,-12.417101860046387,-7.828029632568359,-4.097084045410156,-13.767565727233887,-7.097095489501953,-19.721342086791992,-3.3924124240875244,-11.833125114440918,-21.23069953918457,-5.4718918800354,-7.484307765960693,-4.958978652954102,-8.396010398864746,-8.463554382324219,-5.816531658172607,-7.294921875
101e55d43,-13.883992195129395,-10.100781440734863,-20.91071128845215,-9.604961395263672,-7.250484943389893,-8.224942207336426,-7.179037094116211,-3.846471071243286,-16.50702667236328,-13.322588920593262,-4.403010845184326,-14.626364707946777,-8.4945707321167,-17.843114852905273,-8.474964141845703,-3.2037465572357178,-20.214136123657227,-11.5700101852417,-9.551704406738281,-6.671489238739014,-4.742681980133057,-11.572693824768066,-3.6201553344726562,-9.450798034667969
10788adbc,-9.091225624084473,-9.747200012207031,-21.44620704650879,-14.474140167236328,-6.512212753295898,-12.277087211608887,-9.183456420898438,-5.810251712799072,-12.836468696594238,-16.926328659057617,-9.282696723937988,-19.74988555908203,-7.621057033538818,-14.779193878173828,-3.9062678813934326,-13.377437591552734,-23.584718704223633,-10.757278442382812,-6.5749430656433105,-10.19005298614502,-8.535988807678223,-2.4369115829467773,-8.461356163024902,-13.2632417678833
109557c57,-2.4947826862335205,-12.843223571777344,-22.516090393066406,-11.129948616027832,-4.058660984039307,-9.963475227355957,-10.23123836517334,-11.945935249328613,-13.155348777770996,-10.858477592468262,-8.979300498962402,-16.845561981201172,-1.3745132684707642,-13.949458122253418,-7.213780879974365,-13.630070686340332,-24.613237380981445,-16.356748580932617,-2.557095766067505,-8.763864517211914,-12.289039611816406,-8.718302726745605,-9.489027976989746,-4.557669162750244
10b07068d,-8.097458839416504,-8.984787940979004,-22.635482788085938,-13.10332202911377,-7.581838130950928,-0.2427942007780075,-4.579806804656982,-9.654614448547363,-14.589378356933594,-12.686663627624512,-6.177793502807617,-13.19300365447998,-6.547885894775391,-18.13979148864746,-7.380792140960693,-7.992465972900391,-23.952402114868164,-10.72451114654541,-8.888651847839355,-6.796872615814209,-4.51403284072876,-12.230011940002441,-7.590564727783203,-7.224061489105225
10b235de1,-8.85568904876709,-6.8995680809021,-21.482431411743164,-8.398253440856934,-5.813381671905518,-7.05279541015625,-8.775729179382324,-7.894983768463135,-8.442572593688965,-10.829859733581543,-7.028078556060791,-17.837629318237305,-0.8145084381103516,-14.103435516357422,-6.30406379699707,-9.426243782043457,-19.44861602783203,-10.964930534362793,-4.924025535583496,-8.761116981506348,-6.933447360992432,-4.388429164886475,-4.052300453186035,-5.686454772949219
10b4e296d,-10.971771240234375,-5.514374256134033,-19.748979568481445,-9.108479499816895,-4.107676029205322,-9.173754692077637,-10.42212200164795,-7.166085720062256,-11.056549072265625,-10.700697898864746,-6.477006912231445,-20.509122848510742,-6.684167861938477,-11.99810791015625,-4.149077892303467,-9.148154258728027,-21.446687698364258,-12.779070854187012,-5.6620635986328125,-8.332531929016113,-10.016876220703125,-6.114237308502197,-7.252743244171143,-6.460669994354248
10d58c6f5,-16.867347717285156,-7.553689479827881,-34.629486083984375,-9.082389831542969,-9.119234085083008,-17.340341567993164,-18.07987403869629,-11.746864318847656,-18.314056396484375,-15.003697395324707,-6.852049350738525,-15.734333992004395,-15.113792419433594,-19.370473861694336,-16.429933547973633,-9.275010108947754,-11.22795581817627,-10.142996788024902,-17.98065185546875,-10.510908126831055,-9.97230339050293,-9.856025695800781,-19.44322395324707,-18.67641258239746
10fa28496,-6.673951625823975,-8.038376808166504,-25.27092933654785,-11.576952934265137,-6.465975284576416,-3.607419967651367,-2.3071346282958984,-11.418807983398438,-11.876399040222168,-12.560234069824219,-4.389610290527344,-14.964421272277832,-6.706038951873779,-16.339563369750977,-8.9036283493042,-11.94728946685791,-18.965112686157227,-11.341126441955566,-8.434087753295898,-3.9668309688568115,-4.269952774047852,-8.709464073181152,-10.285069465637207,-4.376100540161133
10fe3b80f,-10.06613826751709,-12.835659980773926,-26.3446044921875,-11.181098937988281,-9.51738452911377,-7.576938629150391,-1.0240402221679688,-9.00643539428711,-13.166974067687988,-13.248827934265137,-11.239990234375,-17.21095848083496,-9.821961402893066,-12.172738075256348,-10.544662475585938,-3.8950986862182617,-16.489118576049805,-3.897109031677246,-8.417648315429688,-5.879796981811523,-9.712326049804688,-4.900801658630371,-1.8017120361328125,-4.008142948150635
10ffc39bc,-8.288177490234375,-10.452884674072266,-18.41813087463379,-7.914947986602783,-6.8117289543151855,-5.592817783355713,-9.186943054199219,-8.63681411743164,-16.276357650756836,-12.708553314208984,-3.9026215076446533,-15.65060043334961,-9.55309772491455,-17.73212242126465,-6.506666660308838,-11.646899223327637,-21.896499633789062,-9.516768455505371,-9.134929656982422,-5.703866958618164,-5.235457420349121,-11.267818450927734,-1.8122884035110474,-1.992918610572815
112e45fc4,-3.289862871170044,-4.353885650634766,-19.449331283569336,-4.9666032791137695,-5.983891010284424,-6.276554107666016,-8.334288597106934,-8.411275863647461,-12.076952934265137,-11.704068183898926,-6.651041507720947,-13.311488151550293,-7.436416149139404,-14.48132610321045,-6.645132541656494,-6.598320007324219,-19.244369506835938,-11.29726505279541,-11.625389099121094,-2.1545286178588867,-5.551418304443359,-10.575064659118652,-7.027568817138672,-1.9069972038269043
11306b782,-13.833222389221191,-10.027793884277344,-22.71483612060547,-8.415474891662598,-8.76855182647705,-13.073067665100098,-9.397308349609375,-8.725934028625488,-13.892003059387207,-11.182188987731934,-9.97900390625,-14.3046875,-0.234719917178154,-13.039767265319824,-1.6207447052001953,-7.639533996582031,-19.531309127807617,-15.032010078430176,-9.882895469665527,-6.8458075523376465,-10.373210906982422,-10.85961627960205,-12.870888710021973,-5.332340717315674
117d9a7c1,-10.052020072937012,-11.925749778747559,-21.367820739746094,-11.050023078918457,-9.088050842285156,-10.016297340393066,-7.571877956390381,-8.482662200927734,-13.369112968444824,-13.79944133758545,-6.494582653045654,-14.85702133178711,-0.8782305717468262,-17.286277770996094,-8.958855628967285,-9.54918098449707,-20.687837600708008,-11.787314414978027,-2.1661975383758545,-5.146646499633789,-8.912714958190918,-7.1631011962890625,-2.293858289718628,-6.209391117095947
1202a2650,-17.65104866027832,-11.154417991638184,-31.867416381835938,-13.356056213378906,-15.690499305725098,-10.014145851135254,-8.425956726074219,-11.500706672668457,-22.542699813842773,-19.896278381347656,-7.955684185028076,-11.34123706817627,-13.076838493347168,-15.592005729675293,-9.224674224853516,-6.27783727645874,-18.80848503112793,-6.695653438568115,-15.918551445007324,-5.3777546882629395,-8.045849800109863,-13.558143615722656,-11.842318534851074,-15.584213256835938
1216bdea4,-16.40946388244629,-3.200366973876953,-31.17437744140625,-9.197376251220703,-6.626373767852783,-12.819427490234375,-15.126744270324707,-10.200690269470215,-12.226936340332031,-13.646748542785645,-9.995773315429688,-18.552715301513672,-8.914374351501465,-13.406169891357422,-10.661019325256348,-10.085505485534668,-11.582222938537598,-12.423352241516113,-14.348495483398438,-11.078104972839355,-9.980477333068848,-6.358923435211182,-12.806686401367188,-12.2792329788208
1246e017b,-9.395172119140625,-9.018776893615723,-17.41093635559082,-11.596875190734863,-4.86025857925415,-8.458298683166504,-6.085506439208984,-11.224628448486328,-14.49677562713623,-10.371688842773438,-9.685015678405762,-14.220309257507324,-4.576775550842285,-16.480018615722656,-1.7771011590957642,-6.495131969451904,-22.036605834960938,-11.280174255371094,-4.156517028808594,-8.222636222839355,-7.467649936676025,-8.64287281036377,-5.968252182006836,-9.118087768554688
124a84f36,-15.168627738952637,-11.437015533447266,-20.99257469177246,-12.726962089538574,-7.714092254638672,-13.572653770446777,-4.812473773956299,-6.911108493804932,-16.473554611206055,-13.212632179260254,-8.748520851135254,-6.770501613616943,-10.939160346984863,-21.59325408935547,-10.724825859069824,-5.198451519012451,-17.02423667907715,-7.095714092254639,-12.072646141052246,-9.216614723205566,-4.462306976318359,-15.624095916748047,-7.06200647354126,-6.465452671051025
12a4d9e95,-14.095085144042969,-6.8036932945251465,-20.42323875427246,-10.876646995544434,-11.13552474975586,-9.037433624267578,-10.715746879577637,-16.36025047302246,-19.89052391052246,-11.454257011413574,-8.472014427185059,-15.159862518310547,-11.708442687988281,-19.70860481262207,-8.076030731201172,-4.94154167175293,-24.535064697265625,-4.940168857574463,-11.7255859375,-5.232855796813965,-12.413338661193848,-9.832405090332031,-5.562709331512451,-15.626498222351074
12b81575a,-7.711454391479492,-7.378380298614502,-23.085744857788086,-7.492825984954834,-7.442685604095459,-4.724937915802002,-6.587850093841553,-9.814290046691895,-9.324539184570312,-9.800155639648438,-4.086299896240234,-14.73754596710205,-4.864491939544678,-13.64055347442627,-3.5897433757781982,-7.4003729820251465,-19.59987449645996,-14.316357612609863,-6.655929088592529,-5.517632007598877,-4.687989711761475,-6.979822158813477,-2.902773141860962,-4.30247163772583
131a6848a,-16.27629852294922,-12.305496215820312,-32.53177261352539,-10.661552429199219,-13.811473846435547,-14.805320739746094,-10.747822761535645,-11.46731948852539,-15.08300495147705,-11.806076049804688,-11.89298152923584,-14.748248100280762,-9.900613784790039,-16.497026443481445,-15.235941886901855,-9.804245948791504,-11.066384315490723,-2.6253411769866943,-13.8212890625,-9.378669738769531,-4.036041736602783,-13.174304008483887,-13.389357566833496,-7.993616580963135
133bdbd34,-13.201969146728516,-10.627445220947266,-22.254165649414062,-12.447013854980469,-9.683140754699707,-4.778337478637695,-9.176544189453125,-11.985600471496582,-17.1973934173584,-9.654956817626953,-10.899059295654297,-11.354561805725098,-2.3188116550445557,-15.321089744567871,-4.222656726837158,-6.590602874755859,-23.090116500854492,-12.175232887268066,-5.867687225341797,-6.42344856262207,-7.9718403816223145,-8.2995023727417,-9.16816234588623,-8.905160903930664
135c4d0ab,-12.558802604675293,-10.927752494812012,-27.900007247924805,-14.000622749328613,-8.520655632019043,-10.526412963867188,-4.126138210296631,-9.116294860839844,-15.743496894836426,-14.313644409179688,-5.049320697784424,-5.023427486419678,-12.376399993896484,-20.301210403442383,-13.835383415222168,-16.140987396240234,-23.416513442993164,-2.3832480907440186,-9.277366638183594,-14.067334175109863,-6.174719333648682,-16.539350509643555,-8.92264461517334,-8.8251953125
13d9ca101,-2.3472869396209717,-11.725837707519531,-22.942398071289062,-13.268753051757812,-4.3059401512146,-11.131123542785645,-11.288887023925781,-11.018467903137207,-10.90755558013916,-11.955519676208496,-9.01988697052002,-16.507293701171875,-2.2639782428741455,-15.573902130126953,-8.797684669494629,-14.462448120117188,-25.937652587890625,-18.016143798828125,-3.0823638439178467,-11.74413013458252,-12.562691688537598,-6.947076797485352,-8.910277366638184,-5.5354156494140625
143d47752,-0.7890751957893372,-6.364724636077881,-24.038925170898438,-8.72970199584961,-7.536703586578369,-6.641454696655273,-10.421833992004395,-9.280853271484375,-9.442010879516602,-12.89871883392334,-3.6735334396362305,-15.141566276550293,-5.206232070922852,-14.74914264678955,-10.332674026489258,-10.34550952911377,-22.659929275512695,-14.034802436828613,-7.805613040924072,-4.132079601287842,-9.709298133850098,-8.741497993469238,-11.32678508758545,-5.929649353027344
14ac0cbc1,-7.37170934677124,-8.912301063537598,-24.945281982421875,-7.992523670196533,-5.114753246307373,-7.663724422454834,-6.285460948944092,-13.506495475769043,-11.690337181091309,-10.074273109436035,-7.816722869873047,-13.899975776672363,-7.005382537841797,-16.50370979309082,-7.982193470001221,-11.90895938873291,-22.498865127563477,-5.896920680999756,-8.60944652557373,-5.305510520935059,-8.413623809814453,-9.913067817687988,-7.59719705581665,-5.568296909332275
1519c960b,-17.506515502929688,-7.094645023345947,-25.011980056762695,-9.382320404052734,-6.2560272216796875,-5.86492919921875,-9.480351448059082,-8.754536628723145,-14.658780097961426,-17.27000617980957,-8.724916458129883,-17.079484939575195,-12.398198127746582,-19.017929077148438,-3.995556592941284,-5.322530269622803,-24.151418685913086,-3.7181618213653564,-12.151021003723145,-4.1957783699035645,-8.247817039489746,-9.78717041015625,-8.54635238647461,-7.812540054321289
153152f1b,-14.681000709533691,-11.25786304473877,-30.25827980041504,-8.734419822692871,-9.918986320495605,-16.40928840637207,-5.711766719818115,-8.480177879333496,-18.349849700927734,-10.369175910949707,-8.015640258789062,-11.605267524719238,-8.331966400146484,-15.47925090789795,-15.719093322753906,-8.502152442932129,-5.48373556137085,-10.863877296447754,-9.2344970703125,-6.960945129394531,-8.752663612365723,-12.397690773010254,-11.908928871154785,-12.91504192352295
154009f6f,-14.4556884765625,-12.891789436340332,-25.51995849609375,-11.855101585388184,-9.49389362335205,-7.569535732269287,-5.612264633178711,-4.172940731048584,-17.377960205078125,-11.851996421813965,-6.837371826171875,-13.836119651794434,-12.164997100830078,-18.186744689941406,-8.733081817626953,-9.69608211517334,-24.3280086517334,-12.87079906463623,-10.893936157226562,-11.474665641784668,-4.7709221839904785,-9.516671180725098,-7.181783676147461,-4.072693347930908
1595d8520,-14.260796546936035,-9.73361873626709,-15.990562438964844,-7.700951099395752,-4.496890544891357,-7.427097320556641,-8.248688697814941,-10.256688117980957,-12.75494384765625,-11.173707008361816,-6.560089111328125,-14.985186576843262,-1.2493969202041626,-14.553814888000488,-7.779233455657959,-6.915467739105225,-14.173857688903809,-6.391077041625977,-5.144232273101807,-6.56450891494751,-6.713010311126709,-5.199705600738525,-0.2206517904996872,-7.056009292602539
16211f6f0,-9.866764068603516,-8.02679443359375,-19.64491844177246,-8.398451805114746,-5.575170993804932,-3.574551820755005,-5.512776851654053,-6.0718536376953125,-14.539141654968262,-9.390923500061035,-5.164211750030518,-13.464717864990234,-4.688570976257324,-14.495457649230957,-5.094985485076904,-6.262142658233643,-16.30695343017578,-8.05472183227539,-6.835294246673584,-2.9288313388824463,-4.694420337677002,-7.324167728424072,-0.878426730632782,-4.533508777618408
164419792,-11.281628608703613,-14.887513160705566,-24.778650283813477,-7.399942398071289,-11.898768424987793,-5.810304164886475,-2.6637279987335205,-2.4937026500701904,-14.144322395324707,-12.496203422546387,-5.500452041625977,-13.179489135742188,-12.913990020751953,-21.662683486938477,-10.904620170593262,-10.021130561828613,-18.323646545410156,-4.559751987457275,-9.5553560256958,-5.260565757751465,-6.33417272567749,-11.751202583312988,-3.2849206924438477,-7.032833576202393
1646f15f8,-3.201561689376831,-9.043010711669922,-24.56313133239746,-8.514435768127441,-7.625265121459961,-3.5156056880950928,-8.139942169189453,-12.586186408996582,-10.385664939880371,-16.827863693237305,-2.6286733150482178,-11.675251960754395,-6.060747146606445,-16.37422752380371,-11.927876472473145,-11.368006706237793,-20.837905883789062,-15.600020408630371,-5.849118709564209,-6.098042964935303,-6.6969218254089355,-11.427955627441406,-11.161931037902832,-7.84785270690918
164ed3af2,-12.008082389831543,-9.699275016784668,-20.960142135620117,-13.972991943359375,-8.479751586914062,-7.860145092010498,-9.798567771911621,-10.661872863769531,-15.000717163085938,-11.559562683105469,1.498957633972168,-13.724457740783691,-9.728734970092773,-20.181209564208984,-7.298503875732422,-11.922737121582031,-24.06114387512207,-6.288228988647461,-11.608813285827637,-9.685091972351074,-9.166099548339844,-13.824419975280762,-4.457281589508057,-7.751728057861328
166829221,-17.562559127807617,-9.33804702758789,-34.60792922973633,-10.06057071685791,-10.47827434539795,-20.56870460510254,-9.851149559020996,-13.414752960205078,-15.997027397155762,-13.740931510925293,-12.259425163269043,-13.883567810058594,-11.361998558044434,-18.70460319519043,-15.303825378417969,-13.426730155944824,-6.046350002288818,-6.7588043212890625,-13.112601280212402,-8.588735580444336,-13.984671592712402,-12.505470275878906,-14.968692779541016,-14.229727745056152
16ac1552e,-16.22676658630371,-8.374472618103027,-30.680131912231445,-10.8491792678833,-6.8698577880859375,-14.564587593078613,-5.282588481903076,-12.125571250915527,-13.862613677978516,-10.360966682434082,-10.686714172363281,-17.979629516601562,-6.771268844604492,-15.255293846130371,-15.459343910217285,-10.304976463317871,-5.036159038543701,-8.772342681884766,-11.141532897949219,-6.744110107421875,-9.923280715942383,-11.856833457946777,-7.71602201461792,-14.113425254821777
16bdc9519,-8.43273639678955,-10.086116790771484,-22.610349655151367,-10.695746421813965,-8.003761291503906,-5.765148162841797,-4.360376834869385,-10.480583190917969,-15.22937297821045,-14.9601411819458,-8.080535888671875,-7.9692816734313965,-2.1264097690582275,-19.799646377563477,-5.985143184661865,-8.228503227233887,-15.653847694396973,-9.708601951599121,-5.538171768188477,-2.6893765926361084,-4.901175022125244,-9.9141206741333,-3.9169762134552,-6.778997898101807
16ca3bfc4,-8.84971809387207,-8.662125587463379,-21.710500717163086,-10.7981538772583,-6.3242034912109375,-2.6896941661834717,-7.881228923797607,-7.687051296234131,-16.127708435058594,-12.465352058410645,-3.428481340408325,-16.99033546447754,-7.70290994644165,-18.22022819519043,-4.865753173828125,-10.139203071594238,-26.1568603515625,-10.077982902526855,-8.592399597167969,-7.18529748916626,-4.988442420959473,-10.698054313659668,-4.719760417938232,-1.7260202169418335
16dce03c1,-11.15622329711914,-16.971742630004883,-27.44291877746582,-15.288573265075684,-8.864394187927246,-10.48962688446045,-8.58124828338623,-8.035828590393066,-24.48790168762207,-15.329666137695312,-0.05683247372508049,-11.900005340576172,-9.867262840270996,-22.413177490234375,-8.50832462310791,-14.801993370056152,-28.72911834716797,-2.9166109561920166,-9.6713228225708,-12.313973426818848,-3.3340461254119873,-9.914885520935059,-10.078829765319824,-6.587316513061523
16ddf4901,-16.172109603881836,-6.199018478393555,-26.09025001525879,-5.781425476074219,-4.135715007781982,-8.69432544708252,-11.224465370178223,-12.295619010925293,-11.44649600982666,-10.870006561279297,-10.534250259399414,-16.23856544494629,-9.291275978088379,-10.920845031738281,-3.9412753582000732,-7.287797927856445,-17.629926681518555,-10.629020690917969,-8.245674133300781,-5.315866947174072,-12.251107215881348,-6.780166149139404,-11.441905975341797,-9.167330741882324
16e1c2483,-4.344547271728516,-10.050704956054688,-26.267099380493164,-11.57137680053711,-6.453073978424072,-1.2305903434753418,-2.135427474975586,-12.05855941772461,-14.989879608154297,-14.885189056396484,-6.681784152984619,-13.879654884338379,-7.716581344604492,-16.530141830444336,-9.41793155670166,-11.241156578063965,-23.09708595275879,-12.806506156921387,-6.990634918212891,-4.282694339752197,-5.459921360015869,-10.58504581451416,-7.705477237701416,-3.360990285873413
172ff2c64,-13.907822608947754,-8.779093742370605,-22.11035919189453,-11.893272399902344,-6.838367462158203,-9.603894233703613,-9.666899681091309,-12.16256332397461,-16.793306350708008,-12.61426830291748,-6.144517421722412,-7.964426040649414,-10.659114837646484,-13.671676635742188,-3.304687261581421,-7.972787380218506,-22.763540267944336,-9.421481132507324,-11.500395774841309,-9.954079627990723,-8.912543296813965,-9.79384708404541,-9.89150619506836,-7.9019083976745605
17557278d,-11.241287231445312,-9.806992530822754,-20.401342391967773,-13.760242462158203,-7.093967437744141,-5.5552978515625,-9.0938081741333,-8.592961311340332,-14.295733451843262,-13.446866035461426,-4.7602057456970215,-16.843751907348633,-2.4346046447753906,-13.914725303649902,-6.375425815582275,-9.645101547241211,-22.76605224609375,-14.99804973602295,-7.952635288238525,-5.504012584686279,-9.877927780151367,-9.90384292602539,-5.929260730743408,-3.5525970458984375
17583f1e7,-18.84585189819336,-7.03359842300415,-24.035749435424805,-8.121210098266602,-5.194606304168701,-12.370914459228516,-12.601702690124512,-8.835153579711914,-19.928861618041992,-14.488533020019531,-12.467793464660645,-11.437530517578125,-14.912005424499512,-17.38764190673828,-9.710335731506348,-1.631049633026123,-21.493494033813477,-8.119580268859863,-13.362457275390625,-10.137518882751465,-8.8927583694458,-7.71919059753418,-7.528097152709961,-12.85677719116211
176321177,-11.054070472717285,-9.646211624145508,-18.634441375732422,-10.78339672088623,-5.0424485206604,-9.14574146270752,-11.158818244934082,-6.891427516937256,-8.869647026062012,-16.058271408081055,-7.978945255279541,-16.834383010864258,-6.3763298988342285,-14.013618469238281,-4.813056945800781,-12.270648956298828,-21.836435317993164,-11.955775260925293,-2.255409002304077,-12.6662015914917,-10.360133171081543,-7.106058120727539,-3.612483263015747,-8.917935371398926
17765d8a3,-13.815055847167969,-10.759081840515137,-22.413192749023438,-7.486667156219482,-7.5177483558654785,-9.839735984802246,-6.508758544921875,-4.898346424102783,-18.545621871948242,-13.127713203430176,-5.50062370300293,-14.783737182617188,-12.237210273742676,-16.146730422973633,-8.240382194519043,0.09584268182516098,-21.15852928161621,-5.475874423980713,-9.814493179321289,-3.7537834644317627,-7.9581427574157715,-9.066367149353027,-3.6760997772216797,-8.985153198242188
17c3e49cb,-14.087471008300781,-17.043703079223633,-22.573450088500977,-11.686370849609375,-11.604718208312988,-11.09639835357666,-4.998316764831543,-5.27203893661499,-23.372705459594727,-17.850318908691406,-4.073547840118408,-11.7770414352417,-11.110663414001465,-24.259260177612305,-10.75849437713623,-11.237109184265137,-22.54185676574707,-10.571885108947754,-10.86804485321045,-8.378265380859375,-7.259023189544678,-19.661001205444336,-9.222914695739746,-8.135470390319824
17e4f7455,-18.26153564453125,-4.810601711273193,-33.38206481933594,-8.857575416564941,-10.241781234741211,-13.226899147033691,-13.878467559814453,-13.952255249023438,-16.975345611572266,-14.6415433883667,-12.77292251586914,-13.361347198486328,-12.950600624084473,-17.812753677368164,-14.057965278625488,-7.685003757476807,-11.416145324707031,-8.447060585021973,-16.56941032409668,-7.092920303344727,-13.275609016418457,-12.343795776367188,-17.856609344482422,-18.763219833374023
17ee04476,-5.245248794555664,-14.269499778747559,-22.014596939086914,-13.239773750305176,-2.7440881729125977,-11.06515884399414,-10.999201774597168,-12.751408576965332,-13.865880012512207,-9.72998332977295,-10.071150779724121,-12.760570526123047,-1.9383238554000854,-15.960442543029785,-4.082803249359131,-14.324047088623047,-22.28508758544922,-17.05896759033203,0.1445002555847168,-12.550337791442871,-9.807086944580078,-6.645434856414795,-9.15334415435791,-5.977406978607178
180769302,-17.926767349243164,-18.084732055664062,-28.384485244750977,-14.264307975769043,-10.701515197753906,-8.39572811126709,-8.861949920654297,-5.905257701873779,-15.5443754196167,-12.501808166503906,-5.3190789222717285,-5.2029266357421875,-14.321673393249512,-22.364158630371094,-8.959813117980957,-14.446398735046387,-13.251404762268066,-11.752357482910156,-10.031811714172363,-7.60590124130249,-7.324975490570068,-18.06879425048828,-10.443202018737793,-14.58362102508545
181c24172,-12.39526653289795,-10.101618766784668,-19.00383949279785,-7.280010223388672,-6.853437423706055,-3.9123122692108154,-8.685484886169434,-12.03606128692627,-11.697044372558594,-12.306293487548828,-1.6348066329956055,-12.685035705566406,-7.7913126945495605,-18.28059196472168,-4.363335132598877,-14.252154350280762,-20.90258026123047,-7.114290714263916,-6.958014011383057,-5.193999767303467,-4.174476623535156,-11.51453685760498,-4.277492523193359,-3.7577126026153564
18440190f,-10.130633354187012,-14.511932373046875,-22.58354377746582,-12.036327362060547,-7.592530727386475,-9.144713401794434,-7.452295303344727,-7.709208965301514,-13.950614929199219,-11.912381172180176,-4.9152727127075195,-13.266281127929688,-2.3590195178985596,-16.078941345214844,-3.3732070922851562,-10.507641792297363,-19.5119686126709,-12.751173973083496,-3.313570976257324,-9.692896842956543,-12.867938041687012,-9.047833442687988,-9.025067329406738,-8.990251541137695
1854a2a2b,-14.221980094909668,-6.666019916534424,-22.738733291625977,-6.178976058959961,-8.100387573242188,-13.426339149475098,-14.260821342468262,-4.226114749908447,-16.88770294189453,-14.174088478088379,-3.9013938903808594,-9.77273941040039,-7.593876361846924,-14.63453197479248,-14.442017555236816,-9.36476993560791,-8.117966651916504,-11.018780708312988,-14.760838508605957,-1.7833718061447144,-9.035305976867676,-13.690788269042969,-12.827384948730469,-10.013094902038574
185cfa74c,-15.043438911437988,-14.12451457977295,-26.70747184753418,-10.302793502807617,-11.464396476745605,-6.50646448135376,-11.261563301086426,-6.604753017425537,-18.198707580566406,-11.332168579101562,-7.963856220245361,-6.355871677398682,-11.528491020202637,-18.271841049194336,-9.498762130737305,-9.75015640258789,-22.533782958984375,-7.272744655609131,-9.438441276550293,-9.302298545837402,0.43190160393714905,-14.9965181350708,-7.23342752456665,-8.24627685546875
1870355e2,-0.9587681889533997,-6.351052761077881,-23.552228927612305,-8.462267875671387,-7.178500652313232,-4.607153415679932,-8.73342227935791,-10.39981746673584,-9.930127143859863,-15.137478828430176,-4.8536057472229,-13.853679656982422,-7.812496662139893,-14.61546802520752,-9.352721214294434,-10.504619598388672,-22.056562423706055,-14.353312492370605,-9.52973461151123,-2.8578031063079834,-7.501226425170898,-10.732695579528809,-11.405804634094238,-6.431853771209717
18f071508,-19.203554153442383,-11.117301940917969,-36.099334716796875,-10.818865776062012,-12.35718059539795,-19.435346603393555,-15.563026428222656,-11.509974479675293,-18.501211166381836,-13.97779369354248,-8.793633460998535,-14.168070793151855,-12.8379545211792,-16.69828987121582,-16.29835319519043,-12.814961433410645,-3.0837795734405518,-11.942883491516113,-16.76804542541504,-9.119280815124512,-14.5048189163208,-13.434185981750488,-18.5776309967041,-19.050661087036133
18fca9b00,-6.54400110244751,-6.2406744956970215,-22.96549415588379,-7.13122034072876,-6.562009334564209,-5.208110332489014,-9.125405311584473,-13.998207092285156,-10.170894622802734,-10.500655174255371,-3.2552719116210938,-15.14990234375,-4.305484294891357,-15.5946044921875,-5.501184940338135,-13.111721992492676,-21.2250919342041,-6.898813724517822,-6.33640718460083,-5.057498455047607,-6.945486545562744,-6.5448479652404785,-9.278861045837402,-5.834373950958252
1920ab37b,-12.370295524597168,-8.02576732635498,-24.158315658569336,-8.104635238647461,-7.01101541519165,-11.687458992004395,-8.037354469299316,-13.599919319152832,-10.300215721130371,-7.532752513885498,-5.310290813446045,-15.40776538848877,-5.860524654388428,-18.216936111450195,-7.673250675201416,-10.753931999206543,-16.441431045532227,-6.3932037353515625,-10.696717262268066,-5.5648016929626465,-8.941354751586914,-8.23379135131836,-8.815607070922852,-9.89449405670166
19661e5b5,-14.984329223632812,-6.080158233642578,-25.94574546813965,-9.888581275939941,-8.947554588317871,-10.51835823059082,-9.371696472167969,-10.350608825683594,-13.316203117370605,-9.723130226135254,-12.347826957702637,-13.29700756072998,-7.7540435791015625,-13.367440223693848,-3.9012272357940674,-5.65617561340332,-21.37495231628418,-10.552407264709473,-10.192679405212402,-6.281322002410889,-8.686675071716309,-7.333110809326172,-7.012319087982178,-9.104897499084473
19741caaf,-4.768554210662842,-13.937000274658203,-20.02332305908203,-14.222991943359375,-4.029327392578125,-10.932831764221191,-11.079254150390625,-9.18167781829834,-13.796199798583984,-12.10350513458252,-11.510104179382324,-15.050739288330078,-1.5864392518997192,-14.384204864501953,-7.107362747192383,-11.454925537109375,-23.419301986694336,-15.528579711914062,-2.2574381828308105,-11.21822452545166,-12.022587776184082,-7.6736741065979,-8.094491958618164,-4.778545379638672
198ebd860,-13.43826675415039,-11.675655364990234,-20.899690628051758,-7.968824863433838,-8.648353576660156,-5.765659809112549,-6.113214492797852,-9.962916374206543,-18.024192810058594,-12.007782936096191,-8.676800727844238,-11.747306823730469,-10.984718322753906,-17.913270950317383,-4.431039333343506,-10.096013069152832,-22.491310119628906,-6.885188579559326,-7.925302505493164,-4.4280877113342285,-3.8167078495025635,-9.594542503356934,-4.243018627166748,-3.185985803604126
19919f02d,-12.025677680969238,-7.989980220794678,-20.32886505126953,-9.559500694274902,-5.7914605140686035,-13.23548412322998,-9.782294273376465,-9.408522605895996,-11.523043632507324,-12.347983360290527,-8.352070808410645,-14.781524658203125,-8.597545623779297,-13.081212043762207,1.3954734802246094,-8.75381088256836,-22.836313247680664,-14.339195251464844,-7.475325107574463,-8.507774353027344,-9.697967529296875,-5.361259460449219,-7.018100261688232,-7.634025573730469
1993257ef,-10.9651517868042,-7.681674480438232,-21.25758934020996,-9.503907203674316,-7.024669647216797,-2.3811333179473877,-4.911705493927002,-13.476210594177246,-12.181462287902832,-9.522950172424316,-5.219144821166992,-12.93758773803711,-5.4236931800842285,-17.994598388671875,-4.163054943084717,-9.479138374328613,-20.8094482421875,-7.338203430175781,-6.711835861206055,-4.435713291168213,-7.489994525909424,-6.468872547149658,-4.085008144378662,-5.030279636383057
19b06be65,-13.464271545410156,-13.908373832702637,-25.06849479675293,-13.29505443572998,-12.584510803222656,-8.332661628723145,-1.6973533630371094,-1.8428415060043335,-19.19322395324707,-17.448232650756836,-8.061424255371094,-8.968545913696289,-11.996814727783203,-22.888076782226562,-12.304739952087402,-6.604290008544922,-20.82533073425293,-11.231426239013672,-9.651549339294434,-12.857251167297363,-5.897548198699951,-17.4425106048584,-13.09505844116211,-9.051737785339355
19ed9a1d6,-9.533568382263184,-7.671857833862305,-18.156206130981445,-8.25892162322998,-7.1343560218811035,-4.393072605133057,-9.609007835388184,-11.18896198272705,-13.754230499267578,-10.25351619720459,-3.6104252338409424,-15.207839012145996,-4.97197961807251,-17.636110305786133,-3.364147424697876,-11.21503734588623,-21.299686431884766,-10.059357643127441,-9.087261199951172,-4.289548397064209,-5.609764575958252,-7.9546732902526855,-3.689152717590332,-3.2296924591064453
19ee687c1,-6.477599620819092,-8.297987937927246,-23.118154525756836,-10.672091484069824,-9.278743743896484,-7.480630397796631,-7.33803129196167,-10.556519508361816,-15.638972282409668,-13.706175804138184,-2.9757938385009766,-7.3535075187683105,-6.387876510620117,-18.315584182739258,-12.173355102539062,-8.8672513961792,-20.479692459106445,-8.718189239501953,-11.473869323730469,0.6056499481201172,-7.528324127197266,-13.450092315673828,-10.838334083557129,-2.7886343002319336
1a38ab8f7,-11.23912525177002,-13.133773803710938,-24.946561813354492,-10.073895454406738,-5.411021709442139,-4.870656490325928,-6.293201446533203,-8.338896751403809,-18.80588722229004,-15.006844520568848,-7.099581241607666,-14.127718925476074,-13.86465835571289,-18.235244750976562,-8.940751075744629,-5.37963342666626,-21.57940673828125,-5.364220142364502,-7.149549961090088,-2.9123213291168213,-8.551661491394043,-11.37003231048584,-7.19990873336792,-1.9928325414657593
1a41bf115,-19.70114517211914,-9.507782936096191,-36.79926681518555,-11.032532691955566,-11.069572448730469,-12.231685638427734,-6.753244876861572,-13.425137519836426,-21.471471786499023,-14.40969181060791,-6.149697780609131,-15.3955659866333,-13.784133911132812,-21.03273582458496,-13.966370582580566,-6.7136383056640625,-12.050307273864746,1.128008246421814,-13.747166633605957,-10.376564979553223,-9.58044719696045,-13.480453491210938,-15.339800834655762,-17.61590003967285
